<?xml version="1.0" encoding="UTF-8"?>
<doc>
	<Identification>
		<Version Value="1.0.5.57"/>
	</Identification>
	<Properties>
		<Property Name="projectFile" Value="1_setExcel.debug.psc"/>
		<Property Name="projectVersion" Value="1.0"/>
		<Property Name="projectName" Value="1_setExcel"/>
		<Property Name="projectId" Value="33be8b0f-4289-4971-974e-ce7d85fc6126"/>
		<Property Name="projectDate" Value="15/01/2020"/>
		<Property Name="projectLabel" Value="1_setExcel"/>
		<Property Name="projectClient" Value="Excel"/>
		<Property Name="licenceURL" Value=""/>
		<Property Name="archiveFile" Value="1_setExcel.zip"/>
		<Property Name="productVersion" Value="1.0.5.57"/>
		<Property Name="sdkVersion" Value="1.0.5.57"/>
		<Property Name="exportDate" Value="23/1/2020"/>
		<Property Name="IsTrial" Value="True"/>
		<Property Name="validity" Value=""/>
		<Property Name="cyphering" Value="0"/>
		<Property Name="compression" Value="1"/>
	</Properties>
	<Properties Name="scenario0">
		<Property Name="appliName" Value="GLOBAL" Type="1"/>
		<Property Name="scenario" Value="setExcelData" Type="1"/>
		<Property Name="name" Value="setExcelData" Type="1"/>
		<Property Name="id" Value="ffdd74de-94a9-4d9d-b8f7-5d64147af649" Type="1"/>
		<Property Name="timeout" Value="600" Type="1"/>
		<Property Name="task" Value="1" Type="1"/>
		<Property Name="contextRoot" Value="" Type="1"/>
		<Property Name="input" Value="" Type="1"/>
		<Property Name="output" Value="" Type="1"/>
	</Properties>
	<Keys Name="scenario0">
	</Keys>
	<UpdatePackages>
	</UpdatePackages>
	<KeyNames Value="86e6489ffe2e2e2cf73408c27ce913c3" Type="32771"/>
	<KeyContent Value="05682950ee00a0a36655f1d2898f889f" Type="32771"/>
	<KeyProps Value="d853f891303c1aaed342a6372256fec6" Type="32771"/>
</doc>
